INSERT INTO site(site_id, site_code, site_name) VALUES (1, '101', 'Gurgaon - Tower A');


INSERT INTO  area(area_id, area_code, area_name, site_id) VALUES (1, '1001', 'RM6-A (Floor)', 1);
INSERT INTO  area(area_id, area_code, area_name, site_id) VALUES (2, '1002', 'RM5-A (Floor)', 1);
INSERT INTO  area(area_id, area_code, area_name, site_id) VALUES (3, '1003', 'RM4-A (Floor)', 1);
INSERT INTO  area(area_id, area_code, area_name, site_id) VALUES (4, '1004', 'RM3-A (Floor)', 1);
INSERT INTO  area(area_id, area_code, area_name, site_id) VALUES (5, '1005', 'RM2-A (Floor)', 1);
INSERT INTO  area(area_id, area_code, area_name, site_id) VALUES (6, '1006', 'RM1-A (Floor)', 1);
INSERT INTO  area(area_id, area_code, area_name, site_id) VALUES (7, '1007', 'RMUG-A (Floor)', 1);
INSERT INTO  area(area_id, area_code, area_name, site_id) VALUES (8, '1008', 'RMLG-A (Floor)', 1);
INSERT INTO  area(area_id, area_code, area_name, site_id) VALUES (9, '1009', 'Lower Block-A  - Incomer  (Floor)', 1);
INSERT INTO  area(area_id, area_code, area_name, site_id) VALUES (10, '1010', 'Upper Block-A  - Incomer  (Floor)', 1);


INSERT INTO  asset(asset_id, asset_code, asset_name, install_date, make, model, area_id) VALUES (1, 'Hvac01', 'HVAC01', null, null, null, 1);
INSERT INTO  asset(asset_id, asset_code, asset_name, install_date, make, model, area_id) VALUES (2, 'LandU01', 'Lighting and Utilities 01', null, null, null, 1);
INSERT INTO  asset(asset_id, asset_code, asset_name, install_date, make, model, area_id) VALUES (3, 'Equipment01', 'Equiment01', null, null, null, 1);

INSERT INTO  tag(tag_id, data_type, ranges, tag_code, tag_desc, tag_name, asset_id) VALUES (1, null, null, 'HVAC_Vry', 'Line to line voltage RY', 'Vry', 1);
INSERT INTO  tag(tag_id, data_type, ranges, tag_code, tag_desc, tag_name, asset_id) VALUES (2, null, null, 'HVAC_Vyb', 'Line to line voltage YB', 'Vyb', 1);
INSERT INTO  tag(tag_id, data_type, ranges, tag_code, tag_desc, tag_name, asset_id) VALUES (3, null, null, 'HVAC_Vrb', 'Line to line voltage RB', 'Vrb', 1);
INSERT INTO  tag(tag_id, data_type, ranges, tag_code, tag_desc, tag_name, asset_id) VALUES (4, null, null, 'HVAC_Vr', 'Line to neutral voltage R', 'Vr', 1);
INSERT INTO  tag(tag_id, data_type, ranges, tag_code, tag_desc, tag_name, asset_id) VALUES (5, null, null, 'HVAC_Vy', 'Line to neutral voltage Y', 'Vy', 1);
INSERT INTO  tag(tag_id, data_type, ranges, tag_code, tag_desc, tag_name, asset_id) VALUES (6, null, null, 'HVAC_Vb', 'Line to neutral voltage B', 'Vb', 1);
INSERT INTO  tag(tag_id, data_type, ranges, tag_code, tag_desc, tag_name, asset_id) VALUES (7, null, null, 'HVAC_Ir', 'Current R', 'Ir', 1);
INSERT INTO  tag(tag_id, data_type, ranges, tag_code, tag_desc, tag_name, asset_id) VALUES (8, null, null, 'HVAC_Iy', 'Current Y', 'Iy', 1);
INSERT INTO  tag(tag_id, data_type, ranges, tag_code, tag_desc, tag_name, asset_id) VALUES (9, null, null, 'HVAC_Ib', 'Current B', 'Ib', 1);
INSERT INTO  tag(tag_id, data_type, ranges, tag_code, tag_desc, tag_name, asset_id) VALUES (10, null, null, 'HVAC_PFr', 'Power factor R', 'PFr', 1);
INSERT INTO  tag(tag_id, data_type, ranges, tag_code, tag_desc, tag_name, asset_id) VALUES (11, null, null, 'HVAC_PFy', 'Power factor Y', 'PFy', 1);
INSERT INTO  tag(tag_id, data_type, ranges, tag_code, tag_desc, tag_name, asset_id) VALUES (12, null, null, 'HVAC_PFb', 'Power factor B', 'PFb', 1);
INSERT INTO  tag(tag_id, data_type, ranges, tag_code, tag_desc, tag_name, asset_id) VALUES (13, null, null, 'HVAC_Pr', 'Real Power KW R', 'Pr', 1);
INSERT INTO  tag(tag_id, data_type, ranges, tag_code, tag_desc, tag_name, asset_id) VALUES (14, null, null, 'HVAC_Py', 'Real Power KW Y', 'Py', 1);
INSERT INTO  tag(tag_id, data_type, ranges, tag_code, tag_desc, tag_name, asset_id) VALUES (15, null, null, 'HVAC_Pb', 'Real Power KW B', 'Pb', 1);
INSERT INTO  tag(tag_id, data_type, ranges, tag_code, tag_desc, tag_name, asset_id) VALUES (16, null, null, 'HVAC_Sr', 'Apparent Power KVA R', 'Sr', 1);
INSERT INTO  tag(tag_id, data_type, ranges, tag_code, tag_desc, tag_name, asset_id) VALUES (17, null, null, 'HVAC_Sy', 'Apparent Power KVA Y', 'Sy', 1);
INSERT INTO  tag(tag_id, data_type, ranges, tag_code, tag_desc, tag_name, asset_id) VALUES (18, null, null, 'HVAC_Sb', 'Apparent Power KVA B', 'Sb', 1);
INSERT INTO  tag(tag_id, data_type, ranges, tag_code, tag_desc, tag_name, asset_id) VALUES (19, null, null, 'HVAC_Cap', 'Reactive power KVAR Capacitive', 'Capacitive', 1);
INSERT INTO  tag(tag_id, data_type, ranges, tag_code, tag_desc, tag_name, asset_id) VALUES (20, null, null, 'HVAC_Induc', 'Reactive power KVAR Inductive', 'Inductive', 1);
INSERT INTO  tag(tag_id, data_type, ranges, tag_code, tag_desc, tag_name, asset_id) VALUES (21, null, null, 'HVAC_KwH', 'Real Energy Consumption in KWh', 'KwH', 1);
INSERT INTO  tag(tag_id, data_type, ranges, tag_code, tag_desc, tag_name, asset_id) VALUES (22, null, null, 'HVAC_KVAh', 'Apparent Energy Consumption in KVAh', 'KVAh', 1);
INSERT INTO  tag(tag_id, data_type, ranges, tag_code, tag_desc, tag_name, asset_id) VALUES (23, null, null, 'HVAC_CapKVARh', 'Reactive Energy Consumption KVARh Capacitive', 'CapKVARh', 1);
INSERT INTO  tag(tag_id, data_type, ranges, tag_code, tag_desc, tag_name, asset_id) VALUES (24, null, null, 'HVAC_IndKVARh', 'Reactive Energy Consumption KVARh Inductive', 'IndKVARh', 1);
INSERT INTO  tag(tag_id, data_type, ranges, tag_code, tag_desc, tag_name, asset_id) VALUES (25, null, null, 'HVAC_Freq', 'Frequency', 'Freq', 1);
INSERT INTO  tag(tag_id, data_type, ranges, tag_code, tag_desc, tag_name, asset_id) VALUES (26, null, null, 'LIGHT_Vry', 'Line to line voltage RY', 'Vry', 2);
INSERT INTO  tag(tag_id, data_type, ranges, tag_code, tag_desc, tag_name, asset_id) VALUES (27, null, null, 'LIGHT_Vyb', 'Line to line voltage YB', 'Vyb', 2);
INSERT INTO  tag(tag_id, data_type, ranges, tag_code, tag_desc, tag_name, asset_id) VALUES (28, null, null, 'LIGHT_Vrb', 'Line to line voltage RB', 'Vrb', 2);
INSERT INTO  tag(tag_id, data_type, ranges, tag_code, tag_desc, tag_name, asset_id) VALUES (29, null, null, 'LIGHT_Vr', 'Line to neutral voltage R', 'Vr', 2);
INSERT INTO  tag(tag_id, data_type, ranges, tag_code, tag_desc, tag_name, asset_id) VALUES (30, null, null, 'LIGHT_Vy', 'Line to neutral voltage Y', 'Vy', 2);
INSERT INTO  tag(tag_id, data_type, ranges, tag_code, tag_desc, tag_name, asset_id) VALUES (31, null, null, 'LIGHT_Vb', 'Line to neutral voltage B', 'Vb', 2);
INSERT INTO  tag(tag_id, data_type, ranges, tag_code, tag_desc, tag_name, asset_id) VALUES (32, null, null, 'LIGHT_Ir', 'Current R', 'Ir', 2);
INSERT INTO  tag(tag_id, data_type, ranges, tag_code, tag_desc, tag_name, asset_id) VALUES (33, null, null, 'LIGHT_Iy', 'Current Y', 'Iy', 2);
INSERT INTO  tag(tag_id, data_type, ranges, tag_code, tag_desc, tag_name, asset_id) VALUES (34, null, null, 'LIGHT_Ib', 'Current B', 'Ib', 2);
INSERT INTO  tag(tag_id, data_type, ranges, tag_code, tag_desc, tag_name, asset_id) VALUES (35, null, null, 'LIGHT_PFr', 'Power factor R', 'PFr', 2);
INSERT INTO  tag(tag_id, data_type, ranges, tag_code, tag_desc, tag_name, asset_id) VALUES (36, null, null, 'LIGHT_PFy', 'Power factor Y', 'PFy', 2);
INSERT INTO  tag(tag_id, data_type, ranges, tag_code, tag_desc, tag_name, asset_id) VALUES (37, null, null, 'LIGHT_PFb', 'Power factor B', 'PFb', 2);
INSERT INTO  tag(tag_id, data_type, ranges, tag_code, tag_desc, tag_name, asset_id) VALUES (38, null, null, 'LIGHT_Pr', 'Real Power KW R', 'Pr', 2);
INSERT INTO  tag(tag_id, data_type, ranges, tag_code, tag_desc, tag_name, asset_id) VALUES (39, null, null, 'LIGHT_Py', 'Real Power KW Y', 'Py', 2);
INSERT INTO  tag(tag_id, data_type, ranges, tag_code, tag_desc, tag_name, asset_id) VALUES (40, null, null, 'LIGHT_Pb', 'Real Power KW B', 'Pb', 2);
INSERT INTO  tag(tag_id, data_type, ranges, tag_code, tag_desc, tag_name, asset_id) VALUES (41, null, null, 'LIGHT_Sr', 'Apparent Power KVA R', 'Sr', 2);
INSERT INTO  tag(tag_id, data_type, ranges, tag_code, tag_desc, tag_name, asset_id) VALUES (42, null, null, 'LIGHT_Sy', 'Apparent Power KVA Y', 'Sy', 2);
INSERT INTO  tag(tag_id, data_type, ranges, tag_code, tag_desc, tag_name, asset_id) VALUES (43, null, null, 'LIGHT_Sb', 'Apparent Power KVA B', 'Sb', 2);
INSERT INTO  tag(tag_id, data_type, ranges, tag_code, tag_desc, tag_name, asset_id) VALUES (44, null, null, 'LIGHT_Cap', 'Reactive power KVAR Capacitive', 'Capacitive', 2);
INSERT INTO  tag(tag_id, data_type, ranges, tag_code, tag_desc, tag_name, asset_id) VALUES (45, null, null, 'LIGHT_Induc', 'Reactive power KVAR Inductive', 'Inductive', 2);
INSERT INTO  tag(tag_id, data_type, ranges, tag_code, tag_desc, tag_name, asset_id) VALUES (46, null, null, 'LIGHT_KwH', 'Real Energy Consumption in KWh', 'KwH', 2);
INSERT INTO  tag(tag_id, data_type, ranges, tag_code, tag_desc, tag_name, asset_id) VALUES (47, null, null, 'LIGHT_KVAh', 'Apparent Energy Consumption in KVAh', 'KVAh', 2);
INSERT INTO  tag(tag_id, data_type, ranges, tag_code, tag_desc, tag_name, asset_id) VALUES (48, null, null, 'LIGHT_CapKVARh', 'Reactive Energy Consumption KVARh Capacitive', 'CapKVARh', 2);
INSERT INTO  tag(tag_id, data_type, ranges, tag_code, tag_desc, tag_name, asset_id) VALUES (49, null, null, 'LIGHT_IndKVARh', 'Reactive Energy Consumption KVARh Inductive', 'IndKVARh', 2);
INSERT INTO  tag(tag_id, data_type, ranges, tag_code, tag_desc, tag_name, asset_id) VALUES (50, null, null, 'LIGHT_Freq', 'Frequency', 'Freq', 2);
INSERT INTO  tag(tag_id, data_type, ranges, tag_code, tag_desc, tag_name, asset_id) VALUES (51, null, null, 'EQUIP_Vry', 'Line to line voltage RY', 'Vry', 3);
INSERT INTO  tag(tag_id, data_type, ranges, tag_code, tag_desc, tag_name, asset_id) VALUES (52, null, null, 'EQUIP_Vyb', 'Line to line voltage YB', 'Vyb', 3);
INSERT INTO  tag(tag_id, data_type, ranges, tag_code, tag_desc, tag_name, asset_id) VALUES (53, null, null, 'EQUIP_Vrb', 'Line to line voltage RB', 'Vrb', 3);
INSERT INTO  tag(tag_id, data_type, ranges, tag_code, tag_desc, tag_name, asset_id) VALUES (54, null, null, 'EQUIP_Vr', 'Line to neutral voltage R', 'Vr', 3);
INSERT INTO  tag(tag_id, data_type, ranges, tag_code, tag_desc, tag_name, asset_id) VALUES (55, null, null, 'EQUIP_Vy', 'Line to neutral voltage Y', 'Vy', 3);
INSERT INTO  tag(tag_id, data_type, ranges, tag_code, tag_desc, tag_name, asset_id) VALUES (56, null, null, 'EQUIP_Vb', 'Line to neutral voltage B', 'Vb', 3);
INSERT INTO  tag(tag_id, data_type, ranges, tag_code, tag_desc, tag_name, asset_id) VALUES (57, null, null, 'EQUIP_Ir', 'Current R', 'Ir', 3);
INSERT INTO  tag(tag_id, data_type, ranges, tag_code, tag_desc, tag_name, asset_id) VALUES (58, null, null, 'EQUIP_Iy', 'Current Y', 'Iy', 3);
INSERT INTO  tag(tag_id, data_type, ranges, tag_code, tag_desc, tag_name, asset_id) VALUES (59, null, null, 'EQUIP_Ib', 'Current B', 'Ib', 3);
INSERT INTO  tag(tag_id, data_type, ranges, tag_code, tag_desc, tag_name, asset_id) VALUES (60, null, null, 'EQUIP_PFr', 'Power factor R', 'PFr', 3);
INSERT INTO  tag(tag_id, data_type, ranges, tag_code, tag_desc, tag_name, asset_id) VALUES (61, null, null, 'EQUIP_PFy', 'Power factor Y', 'PFy', 3);
INSERT INTO  tag(tag_id, data_type, ranges, tag_code, tag_desc, tag_name, asset_id) VALUES (62, null, null, 'EQUIP_PFb', 'Power factor B', 'PFb', 3);
INSERT INTO  tag(tag_id, data_type, ranges, tag_code, tag_desc, tag_name, asset_id) VALUES (63, null, null, 'EQUIP_Pr', 'Real Power KW R', 'Pr', 3);
INSERT INTO  tag(tag_id, data_type, ranges, tag_code, tag_desc, tag_name, asset_id) VALUES (64, null, null, 'EQUIP_Py', 'Real Power KW Y', 'Py', 3);
INSERT INTO  tag(tag_id, data_type, ranges, tag_code, tag_desc, tag_name, asset_id) VALUES (65, null, null, 'EQUIP_Pb', 'Real Power KW B', 'Pb', 3);
INSERT INTO  tag(tag_id, data_type, ranges, tag_code, tag_desc, tag_name, asset_id) VALUES (66, null, null, 'EQUIP_Sr', 'Apparent Power KVA R', 'Sr', 3);
INSERT INTO  tag(tag_id, data_type, ranges, tag_code, tag_desc, tag_name, asset_id) VALUES (67, null, null, 'EQUIP_Sy', 'Apparent Power KVA Y', 'Sy', 3);
INSERT INTO  tag(tag_id, data_type, ranges, tag_code, tag_desc, tag_name, asset_id) VALUES (68, null, null, 'EQUIP_Sb', 'Apparent Power KVA B', 'Sb', 3);
INSERT INTO  tag(tag_id, data_type, ranges, tag_code, tag_desc, tag_name, asset_id) VALUES (69, null, null, 'EQUIP_Cap', 'Reactive power KVAR Capacitive', 'Capacitive', 3);
INSERT INTO  tag(tag_id, data_type, ranges, tag_code, tag_desc, tag_name, asset_id) VALUES (70, null, null, 'EQUIP_Induc', 'Reactive power KVAR Inductive', 'Inductive', 3);
INSERT INTO  tag(tag_id, data_type, ranges, tag_code, tag_desc, tag_name, asset_id) VALUES (71, null, null, 'EQUIP_KwH', 'Real Energy Consumption in KWh', 'KwH', 3);
INSERT INTO  tag(tag_id, data_type, ranges, tag_code, tag_desc, tag_name, asset_id) VALUES (72, null, null, 'EQUIP_KVAh', 'Apparent Energy Consumption in KVAh', 'KVAh', 3);
INSERT INTO  tag(tag_id, data_type, ranges, tag_code, tag_desc, tag_name, asset_id) VALUES (73, null, null, 'EQUIP_CapKVARh', 'Reactive Energy Consumption KVARh Capacitive', 'CapKVARh', 3);
INSERT INTO  tag(tag_id, data_type, ranges, tag_code, tag_desc, tag_name, asset_id) VALUES (74, null, null, 'EQUIP_IndKVARh', 'Reactive Energy Consumption KVARh Inductive', 'IndKVARh', 3);
INSERT INTO  tag(tag_id, data_type, ranges, tag_code, tag_desc, tag_name, asset_id) VALUES (75, null, null, 'EQUIP_Freq', 'Frequency', 'Freq', 3);


